musteri_id,urun_id,urun_kategori_id,urun_kategori_adi,urun_fiyati,urun_durumu,toplam_siparis,toplam_harcama,ortalama_harcama,bu_kategorideki_harcama,bu_kategorideki_miktar,kategori_harcama_orani,urun_populerlik_siparis,urun_populerlik_musteri,fiyat_orani_musteriye_gore,satin_alindi_mi,recency_gun,kategori_recency_gun,satin_alma_olasiligi
ALFKI,59,4,Dairy Products,55.0,0,6.0,4273.000009529293,26.737499872843426,1255.0,35,0.2937,54,43,2.06,1,27.0,27.0,0.8776575846503394
ALFKI,8,2,Condiments,40.0,0,6.0,4273.000009529293,26.737499872843426,1338.8000301420689,44,0.3133,13,13,1.50,0,27.0,51.0,0.6363131018374185
ALFKI,51,7,Produce,53.0,0,6.0,4273.000009529293,26.737499872843426,604.1999797821045,17,0.1414,39,32,1.98,0,27.0,51.0,0.5834916579829885
ALFKI,28,7,Produce,45.6,1,6.0,4273.000009529293,26.737499872843426,604.1999797821045,17,0.1414,33,26,1.71,1,27.0,51.0,0.5415678763741255
ALFKI,63,2,Condiments,43.9,0,6.0,4273.000009529293,26.737499872843426,1338.8000301420689,44,0.3133,17,15,1.64,1,27.0,51.0,0.5319042812351638
ANATR,72,4,Dairy Products,34.8,0,4.0,1402.949990272522,21.504999828338622,1078.799991607666,33,0.7690,38,33,1.62,1,63.0,63.0,0.7119138188457985
ANATR,32,4,Dairy Products,32.0,0,4.0,1402.949990272522,21.504999828338622,1078.799991607666,33,0.7690,15,12,1.49,1,63.0,63.0,0.6468352606557473
ANATR,60,4,Dairy Products,34.0,0,4.0,1402.949990272522,21.504999828338622,1078.799991607666,33,0.7690,51,36,1.58,1,63.0,63.0,0.6150623055884433
ANATR,11,4,Dairy Products,21.0,0,4.0,1402.949990272522,21.504999828338622,1078.799991607666,33,0.7690,38,32,0.98,1,63.0,63.0,0.5744848249566988
ANATR,70,1,Beverages,15.0,0,4.0,1402.949990272522,21.504999828338622,60.0,5,0.0428,39,30,0.70,1,63.0,595.0,0.5580268580405318
ANTON,59,4,Dairy Products,55.0,0,7.0,7023.977433340102,21.71941162558163,2182.699978776276,127,0.3107,54,43,2.53,1,98.0,223.0,0.7751527538798669
ANTON,53,6,Meat/Poultry,32.8,1,7.0,7023.977433340102,21.71941162558163,1521.9999809265137,43,0.2167,30,25,1.51,1,98.0,321.0,0.685702135512991
ANTON,11,4,Dairy Products,21.0,0,7.0,7023.977433340102,21.71941162558163,2182.699978776276,127,0.3107,38,32,0.97,1,98.0,223.0,0.5949888002457194
ANTON,1,1,Beverages,18.0,1,7.0,7023.977433340102,21.71941162558163,1758.9999958872795,105,0.2504,38,31,0.83,0,98.0,98.0,0.5712912334861299
ANTON,43,1,Beverages,46.0,0,7.0,7023.977433340102,21.71941162558163,1758.9999958872795,105,0.2504,28,26,2.12,1,98.0,98.0,0.5522489206037355
AROUT,24,1,Beverages,4.5,1,13.0,13390.649973928183,19.17666662534078,1226.999993816018,112,0.0916,51,34,0.23,1,26.0,93.0,0.8325191932904682
AROUT,2,1,Beverages,19.0,1,13.0,13390.649973928183,19.17666662534078,1226.999993816018,112,0.0916,44,28,0.99,1,26.0,93.0,0.771817989617329
AROUT,35,1,Beverages,18.0,0,13.0,13390.649973928183,19.17666662534078,1226.999993816018,112,0.0916,36,28,0.94,1,26.0,93.0,0.771817989617329
AROUT,31,4,Dairy Products,12.5,0,13.0,13390.649973928183,19.17666662534078,2174.2499995343387,142,0.1624,51,34,0.65,1,26.0,26.0,0.7670697266581826
AROUT,60,4,Dairy Products,34.0,0,13.0,13390.649973928183,19.17666662534078,2174.2499995343387,142,0.1624,51,36,1.77,1,26.0,26.0,0.7598234859520432
BERGS,40,8,Seafood,18.4,0,18.0,24927.577430965976,27.416346091490524,3699.099936515093,218,0.1484,41,30,0.67,1,63.0,63.0,0.8982990020060213
BERGS,43,1,Beverages,46.0,0,18.0,24927.577430965976,27.416346091490524,8298.674981193617,255,0.3329,28,26,1.68,1,63.0,63.0,0.8900071029638776
BERGS,59,4,Dairy Products,55.0,0,18.0,24927.577430965976,27.416346091490524,2724.0000109672546,92,0.1093,54,43,2.01,1,63.0,231.0,0.8843923241231767
BERGS,2,1,Beverages,19.0,1,18.0,24927.577430965976,27.416346091490524,8298.674981193617,255,0.3329,44,28,0.69,1,63.0,63.0,0.8780960932230357
BERGS,35,1,Beverages,18.0,0,18.0,24927.577430965976,27.416346091490524,8298.674981193617,255,0.3329,36,28,0.66,1,63.0,63.0,0.8474664165882443
BLAUS,59,4,Dairy Products,55.0,0,7.0,3239.799991607666,24.789285591670446,1008.0,35,0.3111,54,43,2.22,0,7.0,7.0,0.9059388187417398
BLAUS,51,7,Produce,53.0,0,7.0,3239.799991607666,24.789285591670446,560.7999954223633,11,0.1731,39,32,2.14,1,7.0,50.0,0.7162049417911335
BLAUS,60,4,Dairy Products,34.0,0,7.0,3239.799991607666,24.789285591670446,1008.0,35,0.3111,51,36,1.37,1,7.0,7.0,0.6609985935098835
BLAUS,28,7,Produce,45.6,1,7.0,3239.799991607666,24.789285591670446,560.7999954223633,11,0.1731,33,26,1.84,1,7.0,50.0,0.5841562343860683
BLAUS,11,4,Dairy Products,21.0,0,7.0,3239.799991607666,24.789285591670446,1008.0,35,0.3111,38,32,0.85,1,7.0,7.0,0.5635468702397274
BLONP,29,6,Meat/Poultry,123.79,1,11.0,18534.080079345105,32.64423095262968,4976.600025236607,111,0.2685,32,27,3.79,1,114.0,335.0,0.9439796418560349
BLONP,59,4,Dairy Products,55.0,0,11.0,18534.080079345105,32.64423095262968,2871.9999798946083,152,0.1550,54,43,1.68,1,114.0,114.0,0.8977515645214725
BLONP,38,1,Beverages,263.5,0,11.0,18534.080079345105,32.64423095262968,3975.920003287792,149,0.2145,24,19,8.07,1,114.0,267.0,0.8931511666879595
BLONP,56,5,Grains/Cereals,38.0,0,11.0,18534.080079345105,32.64423095262968,2217.0999916583296,105,0.1196,50,34,1.16,1,114.0,114.0,0.8393124573027505
BLONP,43,1,Beverages,46.0,0,11.0,18534.080079345105,32.64423095262968,3975.920003287792,149,0.2145,28,26,1.41,0,114.0,267.0,0.8048311384237549
BOLID,29,6,Meat/Poultry,123.79,1,3.0,4232.850018620491,34.86500024795532,3026.85001373291,60,0.7151,32,27,3.55,1,43.0,128.0,0.9250391922897919
BOLID,52,5,Grains/Cereals,7.0,0,3.0,4232.850018620491,34.86500024795532,473.6000052690506,56,0.1119,29,27,0.20,1,43.0,43.0,0.5584921070834342
BOLID,75,1,Beverages,7.75,0,3.0,4232.850018620491,34.86500024795532,309.99999046325684,50,0.0732,46,33,0.22,1,43.0,573.0,0.4816643805103009
BOLID,56,5,Grains/Cereals,38.0,0,3.0,4232.850018620491,34.86500024795532,473.6000052690506,56,0.1119,50,34,1.09,0,43.0,43.0,0.4079935934564887
BOLID,57,5,Grains/Cereals,19.5,0,3.0,4232.850018620491,34.86500024795532,473.6000052690506,56,0.1119,23,21,0.56,1,43.0,43.0,0.35049915235039947
BONAP,41,8,Seafood,9.65,0,17.0,21963.252461684533,24.123863632028755,5368.579980167448,214,0.2444,47,34,0.40,1,0.0,56.0,0.8628683467909677
BONAP,40,8,Seafood,18.4,0,17.0,21963.252461684533,24.123863632028755,5368.579980167448,214,0.2444,41,30,0.76,1,0.0,56.0,0.8510009488896686
BONAP,16,3,Confections,17.45,0,17.0,21963.252461684533,24.123863632028755,2382.672517428882,161,0.1085,43,31,0.72,1,0.0,0.0,0.8444159448425448
BONAP,36,8,Seafood,19.0,0,17.0,21963.252461684533,24.123863632028755,5368.579980167448,214,0.2444,31,23,0.79,1,0.0,56.0,0.8337223007570163
BONAP,7,7,Produce,30.0,0,17.0,21963.252461684533,24.123863632028755,3718.75002078712,118,0.1693,29,20,1.24,1,0.0,0.0,0.7950791694131044
BOTTM,59,4,Dairy Products,55.0,0,14.0,20801.599952290955,25.245714282989503,4790.549972116947,204,0.2303,54,43,2.18,1,12.0,13.0,0.9400048763989751
BOTTM,60,4,Dairy Products,34.0,0,14.0,20801.599952290955,25.245714282989503,4790.549972116947,204,0.2303,51,36,1.35,1,12.0,13.0,0.9158472542917121
BOTTM,31,4,Dairy Products,12.5,0,14.0,20801.599952290955,25.245714282989503,4790.549972116947,204,0.2303,51,34,0.50,0,12.0,13.0,0.9053383190423535
BOTTM,11,4,Dairy Products,21.0,0,14.0,20801.599952290955,25.245714282989503,4790.549972116947,204,0.2303,38,32,0.83,1,12.0,13.0,0.7970561549307433
BOTTM,62,3,Confections,49.3,0,14.0,20801.599952290955,25.245714282989503,5856.8749592065815,233,0.2816,48,33,1.95,1,12.0,12.0,0.7581322125802751
BSBEV,51,7,Produce,53.0,0,10.0,6089.899990081787,22.690909082239326,967.2000045776367,37,0.1588,39,32,2.34,1,22.0,22.0,0.9012848078646118
BSBEV,56,5,Grains/Cereals,38.0,0,10.0,6089.899990081787,22.690909082239326,1405.399995803833,56,0.2308,50,34,1.67,1,22.0,56.0,0.8611489156870467
BSBEV,43,1,Beverages,46.0,0,10.0,6089.899990081787,22.690909082239326,1845.0,57,0.3030,28,26,2.03,1,22.0,22.0,0.7641538046404803
BSBEV,13,8,Seafood,6.0,0,10.0,6089.899990081787,22.690909082239326,464.99999809265137,48,0.0764,40,30,0.26,1,22.0,56.0,0.7339390392338532
BSBEV,62,3,Confections,49.3,0,10.0,6089.899990081787,22.690909082239326,874.9999923706055,45,0.1437,48,33,2.17,1,22.0,295.0,0.711658855810777
CACTU,31,4,Dairy Products,12.5,0,6.0,1814.7999839782715,17.954545281150125,37.5,11,0.0207,51,34,0.70,1,8.0,8.0,0.6135730957273048
CACTU,41,8,Seafood,9.65,0,6.0,1814.7999839782715,17.954545281150125,246.49999618530273,20,0.1358,47,34,0.54,1,8.0,84.0,0.5525224937149794
CACTU,33,4,Dairy Products,2.5,0,6.0,1814.7999839782715,17.954545281150125,37.5,11,0.0207,32,26,0.14,1,8.0,8.0,0.5176620920101361
CACTU,43,1,Beverages,46.0,0,6.0,1814.7999839782715,17.954545281150125,1091.0,70,0.6012,28,26,2.56,1,8.0,8.0,0.4355515654724645
CACTU,68,3,Confections,12.5,0,6.0,1814.7999839782715,17.954545281150125,75.0,6,0.0413,34,27,0.70,1,8.0,372.0,0.41746871673412633
CENTC,21,3,Confections,10.0,0,1.0,100.79999923706055,14.399999618530273,80.0,10,0.7937,39,29,0.69,1,657.0,657.0,0.43689555909689887
CENTC,37,8,Seafood,26.0,0,1.0,100.79999923706055,14.399999618530273,20.799999237060547,1,0.2063,6,6,1.81,1,657.0,657.0,0.25430514506008123
CENTC,25,3,Confections,14.0,0,1.0,100.79999923706055,14.399999618530273,80.0,10,0.7937,18,16,0.97,0,657.0,657.0,0.2522707357580936
CENTC,19,3,Confections,9.2,0,1.0,100.79999923706055,14.399999618530273,80.0,10,0.7937,37,28,0.64,0,657.0,657.0,0.20146547805792692
CENTC,68,3,Confections,12.5,0,1.0,100.79999923706055,14.399999618530273,80.0,10,0.7937,34,27,0.87,0,657.0,657.0,0.19957350114681724
CHOPS,59,4,Dairy Products,55.0,0,8.0,12348.880053406656,27.690909190611407,1762.9999997466803,50,0.1428,54,43,1.99,0,14.0,168.0,0.8694763281225766
CHOPS,51,7,Produce,53.0,0,8.0,12348.880053406656,27.690909190611407,1814.4999978616834,71,0.1469,39,32,1.91,1,14.0,181.0,0.8162771619883658
CHOPS,56,5,Grains/Cereals,38.0,0,8.0,12348.880053406656,27.690909190611407,3857.60000872612,130,0.3124,50,34,1.37,1,14.0,20.0,0.6632924900201329
CHOPS,62,3,Confections,49.3,0,8.0,12348.880053406656,27.690909190611407,1326.5599815273285,61,0.1074,48,33,1.78,1,14.0,47.0,0.6621978943802207
CHOPS,28,7,Produce,45.6,1,8.0,12348.880053406656,27.690909190611407,1814.4999978616834,71,0.1469,33,26,1.65,0,14.0,181.0,0.5880408234120025
COMMI,56,5,Grains/Cereals,38.0,0,5.0,3810.749990463257,25.914999961853027,911.9999885559082,30,0.2393,50,34,1.47,1,14.0,399.0,0.6941008606205703
COMMI,29,6,Meat/Poultry,123.79,1,5.0,3810.749990463257,25.914999961853027,1485.0,15,0.3897,32,27,4.78,1,14.0,617.0,0.5444426749871876
COMMI,77,2,Condiments,13.0,0,5.0,3810.749990463257,25.914999961853027,849.7500076293945,49,0.2230,38,28,0.50,1,14.0,14.0,0.48553523973354745
COMMI,61,2,Condiments,28.5,0,5.0,3810.749990463257,25.914999961853027,849.7500076293945,49,0.2230,24,22,1.10,1,14.0,14.0,0.3777442026319487
COMMI,11,4,Dairy Products,21.0,0,5.0,3810.749990463257,25.914999961853027,167.99999237060547,10,0.0441,38,32,0.81,1,14.0,426.0,0.3228123726177843
CONSH,23,5,Grains/Cereals,9.0,0,3.0,1719.099988937378,27.164285523550852,352.79998683929443,33,0.2052,20,17,0.33,1,103.0,429.0,0.5214298935594093
CONSH,52,5,Grains/Cereals,7.0,0,3.0,1719.099988937378,27.164285523550852,352.79998683929443,33,0.2052,29,27,0.26,0,103.0,429.0,0.4596571792754368
CONSH,22,5,Grains/Cereals,21.0,0,3.0,1719.099988937378,27.164285523550852,352.79998683929443,33,0.2052,14,14,0.77,1,103.0,429.0,0.4484094917087063
CONSH,72,4,Dairy Products,34.8,0,3.0,1719.099988937378,27.164285523550852,277.99999237060547,10,0.1617,38,33,1.28,1,103.0,456.0,0.4291470527792807
CONSH,57,5,Grains/Cereals,19.5,0,3.0,1719.099988937378,27.164285523550852,352.79998683929443,33,0.2052,23,21,0.72,0,103.0,429.0,0.40843719566666875
DRACD,59,4,Dairy Products,55.0,0,6.0,3763.209972381592,19.107999801635742,2270.0,70,0.6032,54,43,2.88,1,2.0,16.0,0.7500111250617248
DRACD,13,8,Seafood,6.0,0,6.0,3763.209972381592,19.107999801635742,215.25,34,0.0572,40,30,0.31,1,2.0,2.0,0.726158414152741
DRACD,11,4,Dairy Products,21.0,0,6.0,3763.209972381592,19.107999801635742,2270.0,70,0.6032,38,32,1.10,1,2.0,16.0,0.6814637641882197
DRACD,41,8,Seafood,9.65,0,6.0,3763.209972381592,19.107999801635742,215.25,34,0.0572,47,34,0.51,1,2.0,2.0,0.6082521159171135
DRACD,60,4,Dairy Products,34.0,0,6.0,3763.209972381592,19.107999801635742,2270.0,70,0.6032,51,36,1.78,0,2.0,16.0,0.5965706789282345
DUMON,42,5,Grains/Cereals,14.0,1,4.0,1615.8999881744385,18.73888874053955,130.19999885559082,15,0.0806,30,21,0.75,1,79.0,222.0,0.5321853684270559
DUMON,52,5,Grains/Cereals,7.0,0,4.0,1615.8999881744385,18.73888874053955,130.19999885559082,15,0.0806,29,27,0.37,1,79.0,222.0,0.5288054117998914
DUMON,10,8,Seafood,31.0,0,4.0,1615.8999881744385,18.73888874053955,445.0999946594238,24,0.2755,33,26,1.65,1,79.0,79.0,0.45712088894805364
DUMON,70,1,Beverages,15.0,0,4.0,1615.8999881744385,18.73888874053955,194.0,13,0.1201,39,30,0.80,0,79.0,79.0,0.44241771850356537
DUMON,21,3,Confections,10.0,0,4.0,1615.8999881744385,18.73888874053955,60.0,6,0.0371,39,29,0.53,1,79.0,286.0,0.38784859303720753
EASTC,59,4,Dairy Products,55.0,0,8.0,14761.034930229187,27.415237971714564,4600.999965667725,190,0.3117,54,43,2.01,0,8.0,8.0,0.9093790963526822
EASTC,60,4,Dairy Products,34.0,0,8.0,14761.034930229187,27.415237971714564,4600.999965667725,190,0.3117,51,36,1.24,1,8.0,8.0,0.8298691951993904
EASTC,11,4,Dairy Products,21.0,0,8.0,14761.034930229187,27.415237971714564,4600.999965667725,190,0.3117,38,32,0.77,1,8.0,8.0,0.8223548862824321
EASTC,72,4,Dairy Products,34.8,0,8.0,14761.034930229187,27.415237971714564,4600.999965667725,190,0.3117,38,33,1.27,1,8.0,8.0,0.7384255391171973
EASTC,69,4,Dairy Products,36.0,0,8.0,14761.034930229187,27.415237971714564,4600.999965667725,190,0.3117,31,24,1.31,1,8.0,8.0,0.723471129523004
ERNSH,59,4,Dairy Products,55.0,0,30.0,104874.97814367748,26.143823530159743,24496.45993430257,892,0.2336,54,43,2.10,1,1.0,23.0,0.9900145573458939
ERNSH,60,4,Dairy Products,34.0,0,30.0,104874.97814367748,26.143823530159743,24496.45993430257,892,0.2336,51,36,1.30,1,1.0,23.0,0.9900132014530016
ERNSH,56,5,Grains/Cereals,38.0,0,30.0,104874.97814367748,26.143823530159743,12737.699994815886,500,0.1215,50,34,1.45,1,1.0,1.0,0.9795923629967491
ERNSH,31,4,Dairy Products,12.5,0,30.0,104874.97814367748,26.143823530159743,24496.45993430257,892,0.2336,51,34,0.48,1,1.0,23.0,0.978067282521457
ERNSH,41,8,Seafood,9.65,0,30.0,104874.97814367748,26.143823530159743,7250.474977588281,463,0.0691,47,34,0.37,1,1.0,1.0,0.9697725057828815
FAMIA,54,6,Meat/Poultry,7.45,0,7.0,4107.5499232776465,12.902105105550666,1146.4999755471945,61,0.2791,36,28,0.58,1,187.0,187.0,0.7464378349705683
FAMIA,41,8,Seafood,9.65,0,7.0,4107.5499232776465,12.902105105550666,1043.0999757051468,55,0.2539,47,34,0.75,1,187.0,187.0,0.6944532579798094
FAMIA,47,3,Confections,9.5,0,7.0,4107.5499232776465,12.902105105550666,285.28000091657043,34,0.0695,21,18,0.74,1,187.0,380.0,0.6620684311042655
FAMIA,25,3,Confections,14.0,0,7.0,4107.5499232776465,12.902105105550666,285.28000091657043,34,0.0695,18,16,1.09,1,187.0,380.0,0.6569252152964511
FAMIA,53,6,Meat/Poultry,32.8,1,7.0,4107.5499232776465,12.902105105550666,1146.4999755471945,61,0.2791,30,25,2.54,1,187.0,187.0,0.6029271913211358
FOLIG,51,7,Produce,53.0,0,5.0,11666.900089263916,27.709375143051147,1845.0,50,0.1581,39,32,1.91,1,135.0,264.0,0.8397058780296599
FOLIG,54,6,Meat/Poultry,7.45,0,5.0,11666.900089263916,27.709375143051147,35.40000057220459,6,0.0030,36,28,0.27,1,135.0,483.0,0.6747243942431104
FOLIG,18,8,Seafood,62.5,0,5.0,11666.900089263916,27.709375143051147,5207.9999923706055,90,0.4464,27,22,2.26,1,135.0,135.0,0.6730951370846822
FOLIG,62,3,Confections,49.3,0,5.0,11666.900089263916,27.709375143051147,2232.0000505447388,123,0.1913,48,33,1.78,1,135.0,135.0,0.6662239543500369
FOLIG,28,7,Produce,45.6,1,5.0,11666.900089263916,27.709375143051147,1845.0,50,0.1581,33,26,1.65,0,135.0,264.0,0.5496986337121841
FOLKO,40,8,Seafood,18.4,0,19.0,29567.562490026652,23.574222225613063,2533.737507350743,221,0.0857,41,30,0.78,0,9.0,30.0,0.9148158789947338
FOLKO,41,8,Seafood,9.65,0,19.0,29567.562490026652,23.574222225613063,2533.737507350743,221,0.0857,47,34,0.41,1,9.0,30.0,0.9071889343267117
FOLKO,51,7,Produce,53.0,0,19.0,29567.562490026652,23.574222225613063,6464.0,148,0.2186,39,32,2.25,1,9.0,30.0,0.880313590374417
FOLKO,56,5,Grains/Cereals,38.0,0,19.0,29567.562490026652,23.574222225613063,3020.9999991953373,115,0.1022,50,34,1.61,1,9.0,30.0,0.8773465281256931
FOLKO,59,4,Dairy Products,55.0,0,19.0,29567.562490026652,23.574222225613063,3654.94994866848,123,0.1236,54,43,2.33,1,9.0,146.0,0.8699955713334929
FRANK,59,4,Dairy Products,55.0,0,15.0,26656.559403990013,20.4787499109904,10552.099987097085,403,0.3959,54,43,2.69,1,27.0,27.0,0.955409199246747
FRANK,40,8,Seafood,18.4,0,15.0,26656.559403990013,20.4787499109904,4868.44993705675,338,0.1826,41,30,0.90,1,27.0,134.0,0.9352886697557928
FRANK,31,4,Dairy Products,12.5,0,15.0,26656.559403990013,20.4787499109904,10552.099987097085,403,0.3959,51,34,0.61,1,27.0,27.0,0.926342516699493
FRANK,60,4,Dairy Products,34.0,0,15.0,26656.559403990013,20.4787499109904,10552.099987097085,403,0.3959,51,36,1.66,1,27.0,27.0,0.9214227928830707
FRANK,41,8,Seafood,9.65,0,15.0,26656.559403990013,20.4787499109904,4868.44993705675,338,0.1826,47,34,0.47,1,27.0,134.0,0.8885724102645128
FRANR,29,6,Meat/Poultry,123.79,1,3.0,3172.1600036621094,47.09833335876465,1733.0600128173828,14,0.5463,32,27,2.63,1,43.0,43.0,0.9181192179268846
FRANR,62,3,Confections,49.3,0,3.0,3172.1600036621094,47.09833335876465,667.5,20,0.2104,48,33,1.05,1,43.0,231.0,0.7483800204225804
FRANR,16,3,Confections,17.45,0,3.0,3172.1600036621094,47.09833335876465,667.5,20,0.2104,43,31,0.37,1,43.0,231.0,0.5384387919243313
FRANR,76,1,Beverages,18.0,0,3.0,3172.1600036621094,47.09833335876465,360.0,20,0.1135,39,33,0.38,1,43.0,97.0,0.391680158507675
FRANR,1,1,Beverages,18.0,1,3.0,3172.1600036621094,47.09833335876465,360.0,20,0.1135,38,31,0.38,0,43.0,97.0,0.3579109481338777
FRANS,51,7,Produce,53.0,0,6.0,1545.6999979019165,24.39999990463257,580.0,15,0.3752,39,32,2.17,1,6.0,21.0,0.6522081800989288
FRANS,77,2,Condiments,13.0,0,6.0,1545.6999979019165,24.39999990463257,130.0,10,0.0841,38,28,0.53,1,6.0,6.0,0.44254049376085786
FRANS,28,7,Produce,45.6,1,6.0,1545.6999979019165,24.39999990463257,580.0,15,0.3752,33,26,1.87,0,6.0,21.0,0.36365167934269366
FRANS,60,4,Dairy Products,34.0,0,6.0,1545.6999979019165,24.39999990463257,136.0,4,0.0880,51,36,1.39,1,6.0,6.0,0.35791982072494577
FRANS,59,4,Dairy Products,55.0,0,6.0,1545.6999979019165,24.39999990463257,136.0,4,0.0880,54,43,2.25,0,6.0,6.0,0.30725459525100607
FURIB,56,5,Grains/Cereals,38.0,0,8.0,6427.422501099259,21.394999980926514,1117.199985408783,42,0.1738,50,34,1.78,1,48.0,238.0,0.7475400338092769
FURIB,59,4,Dairy Products,55.0,0,8.0,6427.422501099259,21.394999980926514,997.8000148534775,31,0.1552,54,43,2.57,1,48.0,48.0,0.7246795620529513
FURIB,54,6,Meat/Poultry,7.45,0,8.0,6427.422501099259,21.394999980926514,100.30000091791152,20,0.0156,36,28,0.35,1,48.0,540.0,0.7070399100071644
FURIB,35,1,Beverages,18.0,0,8.0,6427.422501099259,21.394999980926514,614.3999943435192,43,0.0956,36,28,0.84,1,48.0,292.0,0.5992071505574804
FURIB,62,3,Confections,49.3,0,8.0,6427.422501099259,21.394999980926514,762.1500216655431,56,0.1186,48,33,2.30,0,48.0,292.0,0.5805718092832018
GALED,10,8,Seafood,31.0,0,5.0,836.6999950408936,19.587499856948853,155.0,5,0.1853,33,26,1.58,1,62.0,327.0,0.38361186261569913
GALED,70,1,Beverages,15.0,0,5.0,836.6999950408936,19.587499856948853,90.0,5,0.1076,39,30,0.77,0,62.0,62.0,0.34819875506802894
GALED,77,2,Condiments,13.0,0,5.0,836.6999950408936,19.587499856948853,135.9999942779541,10,0.1625,38,28,0.66,1,62.0,524.0,0.3346440642456575
GALED,65,2,Condiments,21.05,0,5.0,836.6999950408936,19.587499856948853,135.9999942779541,10,0.1625,32,23,1.07,1,62.0,524.0,0.3263595569951973
GALED,57,5,Grains/Cereals,19.5,0,5.0,836.6999950408936,19.587499856948853,338.20000076293945,12,0.4042,23,21,1.00,0,62.0,464.0,0.31479252131890284
GODOS,29,6,Meat/Poultry,123.79,1,10.0,11446.359954776763,27.388076855586124,3548.6000176668167,54,0.3100,32,27,4.52,1,15.0,54.0,0.8770694939577381
GODOS,51,7,Produce,53.0,0,10.0,11446.359954776763,27.388076855586124,2120.0,40,0.1852,39,32,1.94,1,15.0,54.0,0.817801496202584
GODOS,21,3,Confections,10.0,0,10.0,11446.359954776763,27.388076855586124,1588.94998254925,78,0.1388,39,29,0.37,1,15.0,54.0,0.6996944884051183
GODOS,62,3,Confections,49.3,0,10.0,11446.359954776763,27.388076855586124,1588.94998254925,78,0.1388,48,33,1.80,1,15.0,54.0,0.6827099509045353
GODOS,70,1,Beverages,15.0,0,10.0,11446.359954776763,27.388076855586124,884.0,61,0.0772,39,30,0.55,1,15.0,15.0,0.6747066100946968
GOURL,51,7,Produce,53.0,0,9.0,8414.134980559349,25.614736757780378,1560.4999994635582,31,0.1855,39,32,2.07,1,12.0,135.0,0.8341137601605496
GOURL,59,4,Dairy Products,55.0,0,9.0,8414.134980559349,25.614736757780378,1481.5999995470047,48,0.1761,54,43,2.15,1,12.0,12.0,0.8074202492349153
GOURL,56,5,Grains/Cereals,38.0,0,9.0,8414.134980559349,25.614736757780378,1149.999994635582,60,0.1367,50,34,1.48,1,12.0,135.0,0.7884792706156415
GOURL,60,4,Dairy Products,34.0,0,9.0,8414.134980559349,25.614736757780378,1481.5999995470047,48,0.1761,51,36,1.33,1,12.0,12.0,0.6426902176682492
GOURL,75,1,Beverages,7.75,0,9.0,8414.134980559349,25.614736757780378,643.7499985098839,50,0.0765,46,33,0.30,1,12.0,12.0,0.6411304234753015
GREAL,38,1,Beverages,263.5,0,11.0,18507.449970926566,49.615454543720595,11694.374990997836,72,0.6319,24,19,5.31,1,6.0,29.0,0.973808334217325
GREAL,43,1,Beverages,46.0,0,11.0,18507.449970926566,49.615454543720595,11694.374990997836,72,0.6319,28,26,0.93,0,6.0,29.0,0.8515952462934135
GREAL,11,4,Dairy Products,21.0,0,11.0,18507.449970926566,49.615454543720595,2611.0749829988927,80,0.1411,38,32,0.42,1,6.0,6.0,0.8433649808683357
GREAL,59,4,Dairy Products,55.0,0,11.0,18507.449970926566,49.615454543720595,2611.0749829988927,80,0.1411,54,43,1.11,1,6.0,6.0,0.8363120673941027
GREAL,56,5,Grains/Cereals,38.0,0,11.0,18507.449970926566,49.615454543720595,1463.0,42,0.0790,50,34,0.77,1,6.0,223.0,0.8282966169856064
GROSR,29,6,Meat/Poultry,123.79,1,2.0,1488.6999969482422,41.38749980926514,990.0,10,0.6650,32,27,2.99,1,139.0,645.0,0.8836131740753989
GROSR,72,4,Dairy Products,34.8,0,2.0,1488.6999969482422,41.38749980926514,111.19999694824219,4,0.0747,38,33,0.84,1,139.0,645.0,0.4880321831425618
GROSR,9,6,Meat/Poultry,97.0,1,2.0,1488.6999969482422,41.38749980926514,990.0,10,0.6650,5,5,2.34,0,139.0,645.0,0.4538605032831887
GROSR,10,8,Seafood,31.0,0,2.0,1488.6999969482422,41.38749980926514,310.0,10,0.2082,33,26,0.75,1,139.0,139.0,0.371270684845796
GROSR,17,6,Meat/Poultry,39.0,1,2.0,1488.6999969482422,41.38749980926514,990.0,10,0.6650,37,24,0.94,0,139.0,645.0,0.21356171101081103
HANAR,38,1,Beverages,263.5,0,14.0,32841.369948457475,43.628124952316284,20084.149978060275,211,0.6116,24,19,6.04,1,9.0,9.0,0.9581082110719391
HANAR,43,1,Beverages,46.0,0,14.0,32841.369948457475,43.628124952316284,20084.149978060275,211,0.6116,28,26,1.05,1,9.0,9.0,0.8883559464500622
HANAR,30,8,Seafood,25.89,0,14.0,32841.369948457475,43.628124952316284,4425.749995261431,180,0.1348,32,22,0.59,0,9.0,63.0,0.804503089846837
HANAR,41,8,Seafood,9.65,0,14.0,32841.369948457475,43.628124952316284,4425.749995261431,180,0.1348,47,34,0.22,1,9.0,63.0,0.7793980147560091
HANAR,10,8,Seafood,31.0,0,14.0,32841.369948457475,43.628124952316284,4425.749995261431,180,0.1348,33,26,0.71,1,9.0,63.0,0.7732466612060488
HILAA,59,4,Dairy Products,55.0,0,18.0,22768.7639257235,20.680444357130263,7241.5999875068665,204,0.3180,54,43,2.66,1,8.0,72.0,0.9636003521223107
HILAA,31,4,Dairy Products,12.5,0,18.0,22768.7639257235,20.680444357130263,7241.5999875068665,204,0.3180,51,34,0.60,1,8.0,72.0,0.9426793385288118
HILAA,60,4,Dairy Products,34.0,0,18.0,22768.7639257235,20.680444357130263,7241.5999875068665,204,0.3180,51,36,1.64,0,8.0,72.0,0.9320305747048315
HILAA,40,8,Seafood,18.4,0,18.0,22768.7639257235,20.680444357130263,3274.06994448781,257,0.1438,41,30,0.89,1,8.0,48.0,0.92500900391544
HILAA,41,8,Seafood,9.65,0,18.0,22768.7639257235,20.680444357130263,3274.06994448781,257,0.1438,47,34,0.47,1,8.0,48.0,0.9116186067529332
HUNGC,62,3,Confections,49.3,0,5.0,3063.2000246047974,22.816666973961723,2095.000015258789,31,0.6839,48,33,2.16,1,240.0,240.0,0.7779645710175705
HUNGC,54,6,Meat/Poultry,7.45,0,5.0,3063.2000246047974,22.816666973961723,151.20000171661377,16,0.0494,36,28,0.33,1,240.0,294.0,0.7356012694832249
HUNGC,20,3,Confections,81.0,0,5.0,3063.2000246047974,22.816666973961723,2095.000015258789,31,0.6839,16,14,3.55,1,240.0,240.0,0.6448490963349085
HUNGC,33,4,Dairy Products,2.5,0,5.0,3063.2000246047974,22.816666973961723,40.0,20,0.0131,32,26,0.11,1,240.0,476.0,0.6429936673093342
HUNGC,13,8,Seafood,6.0,0,5.0,3063.2000246047974,22.816666973961723,498.00000190734863,40,0.1626,40,30,0.26,1,240.0,294.0,0.6116181096060012
HUNGO,59,4,Dairy Products,55.0,0,19.0,49979.90508149548,31.27018189863725,9010.110007956027,387,0.1803,54,43,1.76,1,6.0,37.0,0.9790263958764661
HUNGO,29,6,Meat/Poultry,123.79,1,19.0,49979.90508149548,31.27018189863725,20914.23013430059,223,0.4185,32,27,3.96,1,6.0,69.0,0.9605556459011306
HUNGO,40,8,Seafood,18.4,0,19.0,49979.90508149548,31.27018189863725,6899.179946811349,430,0.1380,41,30,0.59,1,6.0,6.0,0.9386188896835229
HUNGO,60,4,Dairy Products,34.0,0,19.0,49979.90508149548,31.27018189863725,9010.110007956027,387,0.1803,51,36,1.09,1,6.0,37.0,0.907744583813491
HUNGO,31,4,Dairy Products,12.5,0,19.0,49979.90508149548,31.27018189863725,9010.110007956027,387,0.1803,51,34,0.40,1,6.0,37.0,0.9031996849149054
ISLAT,59,4,Dairy Products,55.0,0,10.0,6146.299984931946,21.652173788651176,1944.900001525879,76,0.3164,54,43,2.54,1,61.0,113.0,0.9187752288552364
ISLAT,56,5,Grains/Cereals,38.0,0,10.0,6146.299984931946,21.652173788651176,705.0,30,0.1147,50,34,1.76,1,61.0,167.0,0.7935727933237794
ISLAT,35,1,Beverages,18.0,0,10.0,6146.299984931946,21.652173788651176,1417.1999912261963,100,0.2306,36,28,0.83,1,61.0,113.0,0.7681853557101789
ISLAT,2,1,Beverages,19.0,1,10.0,6146.299984931946,21.652173788651176,1417.1999912261963,100,0.2306,44,28,0.88,1,61.0,113.0,0.7663505011831373
ISLAT,13,8,Seafood,6.0,0,10.0,6146.299984931946,21.652173788651176,213.99999618530273,30,0.0348,40,30,0.28,1,61.0,113.0,0.760439396981759
KOENE,38,1,Beverages,263.5,0,14.0,30908.383872538416,31.518974279746033,9455.099986180663,128,0.3059,24,19,8.36,1,20.0,77.0,0.9350943772111547
KOENE,59,4,Dairy Products,55.0,0,14.0,30908.383872538416,31.518974279746033,7098.249969247729,180,0.2297,54,43,1.74,1,20.0,20.0,0.93322382688244
KOENE,16,3,Confections,17.45,0,14.0,30908.383872538416,31.518974279746033,4751.463938028574,206,0.1537,43,31,0.55,1,20.0,103.0,0.850128770444181
KOENE,40,8,Seafood,18.4,0,14.0,30908.383872538416,31.518974279746033,3309.749960279465,195,0.1071,41,30,0.58,1,20.0,77.0,0.8330872489939078
KOENE,10,8,Seafood,31.0,0,14.0,30908.383872538416,31.518974279746033,3309.749960279465,195,0.1071,33,26,0.98,0,20.0,77.0,0.8279424444645072
LACOR,20,3,Confections,81.0,0,4.0,1992.0500106811523,25.9118182442405,1000.1500129699707,20,0.5021,16,14,3.13,1,43.0,43.0,0.7258415125617214
LACOR,70,1,Beverages,15.0,0,4.0,1992.0500106811523,25.9118182442405,497.5,34,0.2497,39,30,0.58,1,43.0,43.0,0.6612107551699975
LACOR,52,5,Grains/Cereals,7.0,0,4.0,1992.0500106811523,25.9118182442405,35.0,5,0.0176,29,27,0.27,1,43.0,62.0,0.6122697034829823
LACOR,27,3,Confections,43.9,0,4.0,1992.0500106811523,25.9118182442405,1000.1500129699707,20,0.5021,9,9,1.69,1,43.0,43.0,0.6024896746543378
LACOR,26,3,Confections,31.23,0,4.0,1992.0500106811523,25.9118182442405,1000.1500129699707,20,0.5021,32,24,1.21,1,43.0,43.0,0.5758603418680057
LAMAI,29,6,Meat/Poultry,123.79,1,14.0,9328.200014907125,21.13999995877666,2496.0100212724506,30,0.2676,32,27,5.86,1,9.0,138.0,0.7822902365397374
LAMAI,24,1,Beverages,4.5,1,14.0,9328.200014907125,21.13999995877666,1903.1499741427601,145,0.2040,51,34,0.21,1,9.0,9.0,0.7579155850309308
LAMAI,65,2,Condiments,21.05,0,14.0,9328.200014907125,21.13999995877666,774.8600012549757,53,0.0831,32,23,1.00,1,9.0,112.0,0.6948323330437002
LAMAI,1,1,Beverages,18.0,1,14.0,9328.200014907125,21.13999995877666,1903.1499741427601,145,0.2040,38,31,0.85,1,9.0,9.0,0.694482690794867
LAMAI,75,1,Beverages,7.75,0,14.0,9328.200014907125,21.13999995877666,1903.1499741427601,145,0.2040,46,33,0.37,1,9.0,9.0,0.6723644828058949
LAUGB,52,5,Grains/Cereals,7.0,0,3.0,522.4999923706055,8.974999904632568,106.99999809265137,15,0.2048,29,27,0.78,1,125.0,274.0,0.7796017656382727
LAUGB,13,8,Seafood,6.0,0,3.0,522.4999923706055,8.974999904632568,195.99999618530273,27,0.3751,40,30,0.67,1,125.0,125.0,0.746095658411549
LAUGB,23,5,Grains/Cereals,9.0,0,3.0,522.4999923706055,8.974999904632568,106.99999809265137,15,0.2048,20,17,1.00,1,125.0,274.0,0.6562084878590845
LAUGB,41,8,Seafood,9.65,0,3.0,522.4999923706055,8.974999904632568,195.99999618530273,27,0.3751,47,34,1.08,1,125.0,125.0,0.6556028944311338
LAUGB,77,2,Condiments,13.0,0,3.0,522.4999923706055,8.974999904632568,51.99999809265137,5,0.0995,38,28,1.45,1,125.0,398.0,0.5599803270672632
LAZYK,11,4,Dairy Products,21.0,0,2.0,356.99999809265137,17.84999990463257,210.0,10,0.5882,38,32,1.18,1,349.0,349.0,0.3089840199254732
LAZYK,40,8,Seafood,18.4,0,2.0,356.99999809265137,17.84999990463257,146.99999809265137,10,0.4118,41,30,1.03,1,349.0,411.0,0.2362403732509285
LAZYK,10,8,Seafood,31.0,0,2.0,356.99999809265137,17.84999990463257,146.99999809265137,10,0.4118,33,26,1.74,0,349.0,411.0,0.2197435668804505
LAZYK,72,4,Dairy Products,34.8,0,2.0,356.99999809265137,17.84999990463257,210.0,10,0.5882,38,33,1.95,0,349.0,349.0,0.16461858319512784
LAZYK,71,4,Dairy Products,21.5,0,2.0,356.99999809265137,17.84999990463257,210.0,10,0.5882,42,27,1.20,0,349.0,349.0,0.1318821984019485
LEHMS,60,4,Dairy Products,34.0,0,15.0,19261.409954871837,26.363846069727188,5473.999990224838,235,0.2842,51,36,1.29,1,1.0,1.0,0.9676247245652688
LEHMS,59,4,Dairy Products,55.0,0,15.0,19261.409954871837,26.363846069727188,5473.999990224838,235,0.2842,54,43,2.09,1,1.0,1.0,0.9626933957830272
LEHMS,31,4,Dairy Products,12.5,0,15.0,19261.409954871837,26.363846069727188,5473.999990224838,235,0.2842,51,34,0.47,1,1.0,1.0,0.9520798536056561
LEHMS,72,4,Dairy Products,34.8,0,15.0,19261.409954871837,26.363846069727188,5473.999990224838,235,0.2842,38,33,1.32,1,1.0,1.0,0.9205751391741925
LEHMS,11,4,Dairy Products,21.0,0,15.0,19261.409954871837,26.363846069727188,5473.999990224838,235,0.2842,38,32,0.80,1,1.0,1.0,0.8748674828290409
LETSS,54,6,Meat/Poultry,7.45,0,4.0,3076.472482238263,22.963999843597414,223.4999942779541,40,0.0726,36,28,0.32,1,83.0,191.0,0.7123742194370281
LETSS,56,5,Grains/Cereals,38.0,0,4.0,3076.472482238263,22.963999843597414,758.0999994054437,21,0.2464,50,34,1.65,1,83.0,83.0,0.6632545002266177
LETSS,75,1,Beverages,7.75,0,4.0,3076.472482238263,22.963999843597414,162.75,21,0.0529,46,33,0.34,1,83.0,315.0,0.5786804733768607
LETSS,61,2,Condiments,28.5,0,4.0,3076.472482238263,22.963999843597414,931.3699902261794,44,0.3027,24,22,1.24,1,83.0,83.0,0.5282756948304539
LETSS,70,1,Beverages,15.0,0,4.0,3076.472482238263,22.963999843597414,162.75,21,0.0529,39,30,0.65,0,83.0,315.0,0.47150527882015136
LILAS,60,4,Dairy Products,34.0,0,14.0,16076.599920950532,20.798235163969153,7360.829976994992,238,0.4579,51,36,1.63,1,1.0,33.0,0.9638327700423407
LILAS,59,4,Dairy Products,55.0,0,14.0,16076.599920950532,20.798235163969153,7360.829976994992,238,0.4579,54,43,2.64,1,1.0,33.0,0.9540879107941103
LILAS,31,4,Dairy Products,12.5,0,14.0,16076.599920950532,20.798235163969153,7360.829976994992,238,0.4579,51,34,0.60,0,1.0,33.0,0.9502312764943325
LILAS,72,4,Dairy Products,34.8,0,14.0,16076.599920950532,20.798235163969153,7360.829976994992,238,0.4579,38,33,1.67,1,1.0,33.0,0.8482169572027431
LILAS,11,4,Dairy Products,21.0,0,14.0,16076.599920950532,20.798235163969153,7360.829976994992,238,0.4579,38,32,1.01,1,1.0,33.0,0.8344812140589745
LINOD,41,8,Seafood,9.65,0,12.0,16476.56491531938,18.045714214869907,3820.6799709108473,233,0.2319,47,34,0.53,1,15.0,26.0,0.8798435836217687
LINOD,2,1,Beverages,19.0,1,12.0,16476.56491531938,18.045714214869907,2910.599994504452,207,0.1767,44,28,1.05,1,15.0,15.0,0.8434686700540691
LINOD,24,1,Beverages,4.5,1,12.0,16476.56491531938,18.045714214869907,2910.599994504452,207,0.1767,51,34,0.25,0,15.0,15.0,0.8339598319917582
LINOD,35,1,Beverages,18.0,0,12.0,16476.56491531938,18.045714214869907,2910.599994504452,207,0.1767,36,28,1.00,1,15.0,15.0,0.831630601390094
LINOD,40,8,Seafood,18.4,0,12.0,16476.56491531938,18.045714214869907,3820.6799709108473,233,0.2319,41,30,1.02,1,15.0,26.0,0.8029953851332916
LONEP,51,7,Produce,53.0,0,8.0,4258.599994659424,31.2642856325422,1379.1999893188477,27,0.3239,39,32,1.70,1,23.0,237.0,0.8821951035300848
LONEP,59,4,Dairy Products,55.0,0,8.0,4258.599994659424,31.2642856325422,815.0,21,0.1914,54,43,1.76,1,23.0,23.0,0.8286669827686952
LONEP,28,7,Produce,45.6,1,8.0,4258.599994659424,31.2642856325422,1379.1999893188477,27,0.3239,33,26,1.46,1,23.0,237.0,0.7141836711892652
LONEP,56,5,Grains/Cereals,38.0,0,8.0,4258.599994659424,31.2642856325422,190.0,5,0.0446,50,34,1.22,1,23.0,23.0,0.6373815241052919
LONEP,62,3,Confections,49.3,0,8.0,4258.599994659424,31.2642856325422,549.0000152587891,23,0.1289,48,33,1.58,1,23.0,239.0,0.5718609972331327
MAGAA,24,1,Beverages,4.5,1,10.0,7176.214951009527,18.538095156351726,809.9399915254116,92,0.1129,51,34,0.24,1,51.0,57.0,0.790048023908732
MAGAA,2,1,Beverages,19.0,1,10.0,7176.214951009527,18.538095156351726,809.9399915254116,92,0.1129,44,28,1.02,1,51.0,57.0,0.7836582552434411
MAGAA,35,1,Beverages,18.0,0,10.0,7176.214951009527,18.538095156351726,809.9399915254116,92,0.1129,36,28,0.97,0,51.0,57.0,0.768739609767365
MAGAA,70,1,Beverages,15.0,0,10.0,7176.214951009527,18.538095156351726,809.9399915254116,92,0.1129,39,30,0.81,0,51.0,57.0,0.7167363482105712
MAGAA,22,5,Grains/Cereals,21.0,0,10.0,7176.214951009527,18.538095156351726,1265.5999924182893,80,0.1764,14,14,1.13,1,51.0,261.0,0.7086312874568156
MAISD,59,4,Dairy Products,55.0,0,7.0,9736.075006915926,29.198823480045093,2971.9999869167805,65,0.3053,54,43,1.88,1,29.0,78.0,0.8251365027566672
MAISD,56,5,Grains/Cereals,38.0,0,7.0,9736.075006915926,29.198823480045093,608.0,16,0.0624,50,34,1.30,1,29.0,76.0,0.6321159840511855
MAISD,43,1,Beverages,46.0,0,7.0,9736.075006915926,29.198823480045093,1143.0,36,0.1174,28,26,1.58,1,29.0,29.0,0.5572693889214544
MAISD,62,3,Confections,49.3,0,7.0,9736.075006915926,29.198823480045093,2659.3800559043884,118,0.2731,48,33,1.69,0,29.0,29.0,0.5118600804705121
MAISD,28,7,Produce,45.6,1,7.0,9736.075006915926,29.198823480045093,911.9999694824219,20,0.0937,33,26,1.56,1,29.0,251.0,0.5117825569297457
MEREP,59,4,Dairy Products,55.0,0,13.0,28872.190156118424,29.75312514603138,4766.624990897253,177,0.1651,54,43,1.85,1,188.0,289.0,0.948721048144282
MEREP,38,1,Beverages,263.5,0,13.0,28872.190156118424,29.75312514603138,9415.810067792385,154,0.3261,24,19,8.86,1,188.0,303.0,0.9328769567196176
MEREP,56,5,Grains/Cereals,38.0,0,13.0,28872.190156118424,29.75312514603138,4553.849997838586,154,0.1577,50,34,1.28,1,188.0,275.0,0.8844548910845714
MEREP,31,4,Dairy Products,12.5,0,13.0,28872.190156118424,29.75312514603138,4766.624990897253,177,0.1651,51,34,0.42,1,188.0,289.0,0.8687201230257443
MEREP,60,4,Dairy Products,34.0,0,13.0,28872.190156118424,29.75312514603138,4766.624990897253,177,0.1651,51,36,1.14,1,188.0,289.0,0.8346446047212084
MORGK,59,4,Dairy Products,55.0,0,5.0,5042.200035095215,29.295454892245207,1828.9999771118164,52,0.3627,54,43,1.88,1,55.0,55.0,0.8343615175745098
MORGK,62,3,Confections,49.3,0,5.0,5042.200035095215,29.295454892245207,1921.8000183105469,64,0.3811,48,33,1.68,1,55.0,141.0,0.7082351516641519
MORGK,72,4,Dairy Products,34.8,0,5.0,5042.200035095215,29.295454892245207,1828.9999771118164,52,0.3627,38,33,1.19,1,55.0,55.0,0.6499397628472133
MORGK,51,7,Produce,53.0,0,5.0,5042.200035095215,29.295454892245207,728.0000305175781,20,0.1444,39,32,1.81,0,55.0,635.0,0.6291329116351849
MORGK,11,4,Dairy Products,21.0,0,5.0,5042.200035095215,29.295454892245207,1828.9999771118164,52,0.3627,38,32,0.72,0,55.0,55.0,0.5261475652020231
NORTS,52,5,Grains/Cereals,7.0,0,3.0,649.0,24.333333333333332,42.0,6,0.0647,29,27,0.29,1,7.0,377.0,0.5732468675601071
NORTS,70,1,Beverages,15.0,0,3.0,649.0,24.333333333333332,279.0,17,0.4299,39,30,0.62,1,7.0,7.0,0.5426743954154262
NORTS,59,4,Dairy Products,55.0,0,3.0,649.0,24.333333333333332,328.0,7,0.5054,54,43,2.26,1,7.0,163.0,0.4955882494303454
NORTS,69,4,Dairy Products,36.0,0,3.0,649.0,24.333333333333332,328.0,7,0.5054,31,24,1.48,1,7.0,163.0,0.41063392471938476
NORTS,1,1,Beverages,18.0,1,3.0,649.0,24.333333333333332,279.0,17,0.4299,38,31,0.74,1,7.0,7.0,0.37833225687563216
OCEAN,59,4,Dairy Products,55.0,0,5.0,3460.200008392334,27.886363636363637,913.9999961853027,37,0.2641,54,43,1.97,1,37.0,37.0,0.8219690427385711
OCEAN,72,4,Dairy Products,34.8,0,5.0,3460.200008392334,27.886363636363637,913.9999961853027,37,0.2641,38,33,1.25,1,37.0,37.0,0.7176995336486535
OCEAN,62,3,Confections,49.3,0,5.0,3460.200008392334,27.886363636363637,1311.0,27,0.3789,48,33,1.77,0,37.0,37.0,0.6869382354945494
OCEAN,11,4,Dairy Products,21.0,0,5.0,3460.200008392334,27.886363636363637,913.9999961853027,37,0.2641,38,32,0.75,1,37.0,37.0,0.6692964797274745
OCEAN,51,7,Produce,53.0,0,5.0,3460.200008392334,27.886363636363637,403.2000045776367,18,0.1165,39,32,1.90,0,37.0,49.0,0.6577090279572954
OLDWO,29,6,Meat/Poultry,123.79,1,10.0,15177.462503358722,28.708333412806194,2851.5000115707517,45,0.1879,32,27,4.31,1,16.0,558.0,0.8258512141205983
OLDWO,56,5,Grains/Cereals,38.0,0,10.0,15177.462503358722,28.708333412806194,2145.999995470047,108,0.1414,50,34,1.32,1,16.0,99.0,0.7782424119804466
OLDWO,18,8,Seafood,62.5,0,10.0,15177.462503358722,28.708333412806194,1833.0000095814466,70,0.1208,27,22,2.18,1,16.0,301.0,0.6730646986500914
OLDWO,43,1,Beverages,46.0,0,10.0,15177.462503358722,28.708333412806194,2257.799983692169,104,0.1488,28,26,1.60,1,16.0,125.0,0.6516058580182098
OLDWO,70,1,Beverages,15.0,0,10.0,15177.462503358722,28.708333412806194,2257.799983692169,104,0.1488,39,30,0.52,0,16.0,125.0,0.6225761072275822
OTTIK,31,4,Dairy Products,12.5,0,10.0,12496.199963221698,21.018965458047802,2315.2499769441783,99,0.1853,51,34,0.59,1,22.0,111.0,0.8102319834516475
OTTIK,60,4,Dairy Products,34.0,0,10.0,12496.199963221698,21.018965458047802,2315.2499769441783,99,0.1853,51,36,1.62,1,22.0,111.0,0.7862622352880826
OTTIK,71,4,Dairy Products,21.5,0,10.0,12496.199963221698,21.018965458047802,2315.2499769441783,99,0.1853,42,27,1.02,1,22.0,111.0,0.7611503728210572
OTTIK,2,1,Beverages,19.0,1,10.0,12496.199963221698,21.018965458047802,1129.0,71,0.0903,44,28,0.90,1,22.0,152.0,0.7606099650771135
OTTIK,35,1,Beverages,18.0,0,10.0,12496.199963221698,21.018965458047802,1129.0,71,0.0903,36,28,0.86,0,22.0,152.0,0.7525050723270211
PERIC,51,7,Produce,53.0,0,6.0,4242.200015068054,25.97857144900731,1938.400032043457,50,0.4569,39,32,2.04,1,1.0,34.0,0.8477035750466313
PERIC,75,1,Beverages,7.75,0,6.0,4242.200015068054,25.97857144900731,744.7999935150146,72,0.1756,46,33,0.30,1,1.0,1.0,0.8425753653040555
PERIC,24,1,Beverages,4.5,1,6.0,4242.200015068054,25.97857144900731,744.7999935150146,72,0.1756,51,34,0.17,1,1.0,1.0,0.7594292532581791
PERIC,76,1,Beverages,18.0,0,6.0,4242.200015068054,25.97857144900731,744.7999935150146,72,0.1756,39,33,0.69,0,1.0,1.0,0.7287853163002118
PERIC,1,1,Beverages,18.0,1,6.0,4242.200015068054,25.97857144900731,744.7999935150146,72,0.1756,38,31,0.69,1,1.0,1.0,0.697212505733736
PICCO,38,1,Beverages,263.5,0,10.0,23128.860014973732,34.9252174211585,10608.000090189278,160,0.4586,24,19,7.54,1,9.0,299.0,0.9503114878104674
PICCO,43,1,Beverages,46.0,0,10.0,23128.860014973732,34.9252174211585,10608.000090189278,160,0.4586,28,26,1.32,1,9.0,299.0,0.7462745799753806
PICCO,11,4,Dairy Products,21.0,0,10.0,23128.860014973732,34.9252174211585,3610.279945344925,135,0.1561,38,32,0.60,1,9.0,9.0,0.6907250586403871
PICCO,31,4,Dairy Products,12.5,0,10.0,23128.860014973732,34.9252174211585,3610.279945344925,135,0.1561,51,34,0.36,1,9.0,9.0,0.6721431824771078
PICCO,17,6,Meat/Poultry,39.0,1,10.0,23128.860014973732,34.9252174211585,2495.9999965131283,70,0.1079,37,24,1.12,1,9.0,218.0,0.6111317462794694
PRINI,29,6,Meat/Poultry,123.79,1,5.0,5044.940011057854,31.29900016784668,1237.9000091552734,10,0.2454,32,27,3.96,1,28.0,28.0,0.7358891617490775
PRINI,56,5,Grains/Cereals,38.0,0,5.0,5044.940011057854,31.29900016784668,1047.1999893188477,42,0.2076,50,34,1.21,1,28.0,28.0,0.7337803579285381
PRINI,51,7,Produce,53.0,0,5.0,5044.940011057854,31.29900016784668,648.7200187969206,18,0.1286,39,32,1.69,1,28.0,495.0,0.6713632558732785
PRINI,28,7,Produce,45.6,1,5.0,5044.940011057854,31.29900016784668,648.7200187969206,18,0.1286,33,26,1.46,0,28.0,495.0,0.42064975454471004
PRINI,76,1,Beverages,18.0,0,5.0,5044.940011057854,31.29900016784668,431.9999885559082,35,0.0856,39,33,0.58,0,28.0,415.0,0.3664216821109558
QUEDE,41,8,Seafood,9.65,0,9.0,6664.809939688893,17.865833242734272,180.4400002992153,32,0.0271,47,34,0.54,1,36.0,36.0,0.7279297609758437
QUEDE,13,8,Seafood,6.0,0,9.0,6664.809939688893,17.865833242734272,180.4400002992153,32,0.0271,40,30,0.34,1,36.0,36.0,0.696333643707033
QUEDE,54,6,Meat/Poultry,7.45,0,9.0,6664.809939688893,17.865833242734272,369.8100063362717,21,0.0555,36,28,0.42,1,36.0,133.0,0.6554548938576956
QUEDE,35,1,Beverages,18.0,0,9.0,6664.809939688893,17.865833242734272,1385.9999923706055,81,0.2080,36,28,1.01,1,36.0,190.0,0.6373828173105336
QUEDE,24,1,Beverages,4.5,1,9.0,6664.809939688893,17.865833242734272,1385.9999923706055,81,0.2080,51,34,0.25,0,36.0,190.0,0.5936819373757878
QUEEN,31,4,Dairy Products,12.5,0,13.0,25717.497604973578,26.29525007009506,3873.700015835464,222,0.1506,51,34,0.48,1,2.0,68.0,0.9320070982708106
QUEEN,60,4,Dairy Products,34.0,0,13.0,25717.497604973578,26.29525007009506,3873.700015835464,222,0.1506,51,36,1.29,1,2.0,68.0,0.9205777616151014
QUEEN,75,1,Beverages,7.75,0,13.0,25717.497604973578,26.29525007009506,10483.500076450408,293,0.4076,46,33,0.29,1,2.0,2.0,0.9134097551409028
QUEEN,11,4,Dairy Products,21.0,0,13.0,25717.497604973578,26.29525007009506,3873.700015835464,222,0.1506,38,32,0.80,1,2.0,68.0,0.9120900665250932
QUEEN,76,1,Beverages,18.0,0,13.0,25717.497604973578,26.29525007009506,10483.500076450408,293,0.4076,39,33,0.68,1,2.0,2.0,0.906529381242339
QUICK,38,1,Beverages,263.5,0,28.0,110277.3050303938,31.85988371316777,36216.42988042653,886,0.3284,24,19,8.27,1,22.0,22.0,0.9831705568871055
QUICK,59,4,Dairy Products,55.0,0,28.0,110277.3050303938,31.85988371316777,13800.84998062849,505,0.1251,54,43,1.73,1,22.0,22.0,0.970779529654164
QUICK,43,1,Beverages,46.0,0,28.0,110277.3050303938,31.85988371316777,36216.42988042653,886,0.3284,28,26,1.44,1,22.0,22.0,0.9532628493334843
QUICK,16,3,Confections,17.45,0,28.0,110277.3050303938,31.85988371316777,18530.0901979208,676,0.1680,43,31,0.55,1,22.0,22.0,0.9471856847097404
QUICK,62,3,Confections,49.3,0,28.0,110277.3050303938,31.85988371316777,18530.0901979208,676,0.1680,48,33,1.55,1,22.0,22.0,0.9457183569818893
RANCH,62,3,Confections,49.3,0,5.0,2844.099998474121,48.045833349227905,749.1000022888184,24,0.2634,48,33,1.03,0,23.0,23.0,0.7127064955607532
RANCH,16,3,Confections,17.45,0,5.0,2844.099998474121,48.045833349227905,749.1000022888184,24,0.2634,43,31,0.36,1,23.0,23.0,0.6991713535548932
RANCH,21,3,Confections,10.0,0,5.0,2844.099998474121,48.045833349227905,749.1000022888184,24,0.2634,39,29,0.21,1,23.0,23.0,0.6467844122236955
RANCH,26,3,Confections,31.23,0,5.0,2844.099998474121,48.045833349227905,749.1000022888184,24,0.2634,32,24,0.65,1,23.0,23.0,0.6429190951255966
RANCH,38,1,Beverages,263.5,0,5.0,2844.099998474121,48.045833349227905,527.0,2,0.1853,24,19,5.48,1,23.0,113.0,0.5665325587597039
RATTC,31,4,Dairy Products,12.5,0,18.0,51097.80082826821,30.74507057834679,7854.870054369419,340,0.1537,51,34,0.41,1,0.0,0.0,0.9741177185402856
RATTC,60,4,Dairy Products,34.0,0,18.0,51097.80082826821,30.74507057834679,7854.870054369419,340,0.1537,51,36,1.11,1,0.0,0.0,0.958406566895818
RATTC,62,3,Confections,49.3,0,18.0,51097.80082826821,30.74507057834679,10947.21316730515,279,0.2142,48,33,1.60,1,0.0,0.0,0.9505738007223081
RATTC,38,1,Beverages,263.5,0,18.0,51097.80082826821,30.74507057834679,19208.15007071197,232,0.3759,24,19,8.57,1,0.0,0.0,0.9481606313259126
RATTC,59,4,Dairy Products,55.0,0,18.0,51097.80082826821,30.74507057834679,7854.870054369419,340,0.1537,54,43,1.79,1,0.0,0.0,0.9481436517222167
REGGC,59,4,Dairy Products,55.0,0,12.0,7048.239968932271,21.761363571340386,2080.9399657151102,92,0.2952,54,43,2.53,1,6.0,124.0,0.9306867634524987
REGGC,31,4,Dairy Products,12.5,0,12.0,7048.239968932271,21.761363571340386,2080.9399657151102,92,0.2952,51,34,0.57,1,6.0,124.0,0.754741188794427
REGGC,28,7,Produce,45.6,1,12.0,7048.239968932271,21.761363571340386,1606.800017863512,52,0.2280,33,26,2.10,1,6.0,27.0,0.7536619663153622
REGGC,11,4,Dairy Products,21.0,0,12.0,7048.239968932271,21.761363571340386,2080.9399657151102,92,0.2952,38,32,0.97,1,6.0,124.0,0.7391602573169981
REGGC,70,1,Beverages,15.0,0,12.0,7048.239968932271,21.761363571340386,188.9999994635582,22,0.0268,39,30,0.69,1,6.0,6.0,0.6732604896022294
RICAR,24,1,Beverages,4.5,1,11.0,12450.800013110042,19.22037043394866,1174.024995032698,92,0.0943,51,34,0.23,1,7.0,100.0,0.7841620838012583
RICAR,68,3,Confections,12.5,0,11.0,12450.800013110042,19.22037043394866,1963.725010597706,177,0.1577,34,27,0.65,1,7.0,86.0,0.7571292699710035
RICAR,59,4,Dairy Products,55.0,0,11.0,12450.800013110042,19.22037043394866,4506.900030322373,119,0.3620,54,43,2.86,1,7.0,7.0,0.7505671805637758
RICAR,21,3,Confections,10.0,0,11.0,12450.800013110042,19.22037043394866,1963.725010597706,177,0.1577,39,29,0.52,0,7.0,86.0,0.7414298278860563
RICAR,70,1,Beverages,15.0,0,11.0,12450.800013110042,19.22037043394866,1174.024995032698,92,0.0943,39,30,0.78,1,7.0,100.0,0.7354180976014895
RICSU,59,4,Dairy Products,55.0,0,10.0,19343.778920320856,24.08299986521403,5725.425009365752,212,0.2960,54,43,2.28,1,0.0,19.0,0.9446614967023069
RICSU,60,4,Dairy Products,34.0,0,10.0,19343.778920320856,24.08299986521403,5725.425009365752,212,0.2960,51,36,1.41,1,0.0,19.0,0.9352164311860407
RICSU,41,8,Seafood,9.65,0,10.0,19343.778920320856,24.08299986521403,2356.904971055761,177,0.1218,47,34,0.40,1,0.0,0.0,0.9065474240166972
RICSU,31,4,Dairy Products,12.5,0,10.0,19343.778920320856,24.08299986521403,5725.425009365752,212,0.2960,51,34,0.52,1,0.0,19.0,0.8982512048699801
RICSU,75,1,Beverages,7.75,0,10.0,19343.778920320856,24.08299986521403,1464.2249945495278,122,0.0757,46,33,0.32,1,0.0,0.0,0.8979659360353156
ROMEY,54,6,Meat/Poultry,7.45,0,5.0,1467.2900185585022,15.663571562085833,291.5000081062317,15,0.1987,36,28,0.48,1,27.0,597.0,0.5699112656895279
ROMEY,42,5,Grains/Cereals,14.0,1,5.0,1467.2900185585022,15.663571562085833,177.20000076293945,16,0.1208,30,21,0.89,1,27.0,27.0,0.47061008801049525
ROMEY,19,3,Confections,9.2,0,5.0,1467.2900185585022,15.663571562085833,32.30000019073486,3,0.0220,37,28,0.59,1,27.0,27.0,0.43655811455759885
ROMEY,53,6,Meat/Poultry,32.8,1,5.0,1467.2900185585022,15.663571562085833,291.5000081062317,15,0.1987,30,25,2.09,1,27.0,597.0,0.4340696120708245
ROMEY,41,8,Seafood,9.65,0,5.0,1467.2900185585022,15.663571562085833,547.0900115966797,37,0.3729,47,34,0.62,0,27.0,27.0,0.40803340416945716
SANTG,38,1,Beverages,263.5,0,6.0,5735.1500153541565,39.60562506318092,2755.9999985694885,48,0.4805,24,19,6.65,1,26.0,112.0,0.7857654413387279
SANTG,43,1,Beverages,46.0,0,6.0,5735.1500153541565,39.60562506318092,2755.9999985694885,48,0.4805,28,26,1.16,1,26.0,112.0,0.7738170109646925
SANTG,18,8,Seafood,62.5,0,6.0,5735.1500153541565,39.60562506318092,936.5999889373779,28,0.1633,27,22,1.58,1,26.0,26.0,0.7491228184022319
SANTG,59,4,Dairy Products,55.0,0,6.0,5735.1500153541565,39.60562506318092,786.0000114440918,27,0.1370,54,43,1.39,1,26.0,504.0,0.692108228936203
SANTG,28,7,Produce,45.6,1,6.0,5735.1500153541565,39.60562506318092,578.4000091552734,18,0.1009,33,26,1.15,1,26.0,69.0,0.544116009886165
SAVEA,59,4,Dairy Products,55.0,0,31.0,104361.94954039394,23.100517174293255,21107.099928937852,791,0.2022,54,43,2.38,1,5.0,19.0,0.9864196830551959
SAVEA,60,4,Dairy Products,34.0,0,31.0,104361.94954039394,23.100517174293255,21107.099928937852,791,0.2022,51,36,1.47,1,5.0,19.0,0.9656389591266884
SAVEA,31,4,Dairy Products,12.5,0,31.0,104361.94954039394,23.100517174293255,21107.099928937852,791,0.2022,51,34,0.54,1,5.0,19.0,0.963119070418399
SAVEA,41,8,Seafood,9.65,0,31.0,104361.94954039394,23.100517174293255,13604.599892705679,1063,0.1304,47,34,0.42,1,5.0,5.0,0.9611216877073135
SAVEA,40,8,Seafood,18.4,0,31.0,104361.94954039394,23.100517174293255,13604.599892705679,1063,0.1304,41,30,0.80,1,5.0,5.0,0.95892359433354
SEVES,60,4,Dairy Products,34.0,0,9.0,16215.325044126434,24.32692313194275,4540.000049698353,234,0.2800,51,36,1.40,1,91.0,91.0,0.808831050946007
SEVES,31,4,Dairy Products,12.5,0,9.0,16215.325044126434,24.32692313194275,4540.000049698353,234,0.2800,51,34,0.51,1,91.0,91.0,0.801960562176954
SEVES,59,4,Dairy Products,55.0,0,9.0,16215.325044126434,24.32692313194275,4540.000049698353,234,0.2800,54,43,2.26,0,91.0,91.0,0.7407988064241959
SEVES,11,4,Dairy Products,21.0,0,9.0,16215.325044126434,24.32692313194275,4540.000049698353,234,0.2800,38,32,0.86,1,91.0,91.0,0.7072541026783894
SEVES,51,7,Produce,53.0,0,9.0,16215.325044126434,24.32692313194275,2953.400011655688,72,0.1821,39,32,2.18,1,91.0,127.0,0.6990090314502465
SIMOB,38,1,Beverages,263.5,0,7.0,16817.097612204925,36.58266677856445,10540.00015258789,50,0.6267,24,19,7.20,1,0.0,475.0,0.8922492223527734
SIMOB,62,3,Confections,49.3,0,7.0,16817.097612204925,36.58266677856445,926.9600062099844,85,0.0551,48,33,1.35,1,0.0,0.0,0.8466996018760926
SIMOB,16,3,Confections,17.45,0,7.0,16817.097612204925,36.58266677856445,926.9600062099844,85,0.0551,43,31,0.48,1,0.0,0.0,0.8417309010648315
SIMOB,21,3,Confections,10.0,0,7.0,16817.097612204925,36.58266677856445,926.9600062099844,85,0.0551,39,29,0.27,1,0.0,0.0,0.8383051750619898
SIMOB,51,7,Produce,53.0,0,7.0,16817.097612204925,36.58266677856445,1192.5,30,0.0709,39,32,1.45,1,0.0,128.0,0.750558053144059
SPECD,38,1,Beverages,263.5,0,4.0,2423.3500022888184,68.03333346048991,1426.0,19,0.5884,24,19,3.87,1,14.0,47.0,0.9261632117625724
SPECD,72,4,Dairy Products,34.8,0,4.0,2423.3500022888184,68.03333346048991,570.0,20,0.2352,38,33,0.51,0,14.0,14.0,0.6469976081715982
SPECD,11,4,Dairy Products,21.0,0,4.0,2423.3500022888184,68.03333346048991,570.0,20,0.2352,38,32,0.31,1,14.0,14.0,0.6429723296417361
SPECD,69,4,Dairy Products,36.0,0,4.0,2423.3500022888184,68.03333346048991,570.0,20,0.2352,31,24,0.53,1,14.0,14.0,0.44269162597198963
SPECD,59,4,Dairy Products,55.0,0,4.0,2423.3500022888184,68.03333346048991,570.0,20,0.2352,54,43,0.81,0,14.0,14.0,0.42110038306723957
SPLIR,38,1,Beverages,263.5,0,9.0,11441.630072270782,37.17000026702881,4365.200054842234,40,0.3815,24,19,7.09,1,42.0,118.0,0.9151670614410655
SPLIR,29,6,Meat/Poultry,123.79,1,9.0,11441.630072270782,37.17000026702881,2357.6000061035156,84,0.2061,32,27,3.33,1,42.0,460.0,0.8063272288366181
SPLIR,18,8,Seafood,62.5,0,9.0,11441.630072270782,37.17000026702881,1511.3200006309153,49,0.1321,27,22,1.68,1,42.0,160.0,0.7643419609525125
SPLIR,59,4,Dairy Products,55.0,0,9.0,11441.630072270782,37.17000026702881,1059.2000084400177,64,0.0926,54,43,1.48,0,42.0,160.0,0.7527283589699638
SPLIR,19,3,Confections,9.2,0,9.0,11441.630072270782,37.17000026702881,442.3499974809587,34,0.0387,37,28,0.25,1,42.0,160.0,0.7082610624333716
SUPRD,59,4,Dairy Products,55.0,0,12.0,24088.780281318424,21.68205146300487,5688.000066541135,230,0.2361,54,43,2.54,1,15.0,15.0,0.917523187906896
SUPRD,31,4,Dairy Products,12.5,0,12.0,24088.780281318424,21.68205146300487,5688.000066541135,230,0.2361,51,34,0.58,1,15.0,15.0,0.9100561093985415
SUPRD,60,4,Dairy Products,34.0,0,12.0,24088.780281318424,21.68205146300487,5688.000066541135,230,0.2361,51,36,1.57,1,15.0,15.0,0.8991085508637118
SUPRD,2,1,Beverages,19.0,1,12.0,24088.780281318424,21.68205146300487,4285.67995836258,236,0.1779,44,28,0.88,1,15.0,16.0,0.8769392796794934
SUPRD,35,1,Beverages,18.0,0,12.0,24088.780281318424,21.68205146300487,4285.67995836258,236,0.1779,36,28,0.83,1,15.0,16.0,0.8595171455572348
THEBI,38,1,Beverages,263.5,0,4.0,3361.0000038146973,57.99285725184849,2775.0,20,0.8256,24,19,4.54,1,35.0,127.0,0.8964772633718947
THEBI,62,3,Confections,49.3,0,4.0,3361.0000038146973,57.99285725184849,336.00000381469727,15,0.1000,48,33,0.85,1,35.0,593.0,0.6891412021851867
THEBI,43,1,Beverages,46.0,0,4.0,3361.0000038146973,57.99285725184849,2775.0,20,0.8256,28,26,0.79,0,35.0,127.0,0.5226464941867556
THEBI,16,3,Confections,17.45,0,4.0,3361.0000038146973,57.99285725184849,336.00000381469727,15,0.1000,43,31,0.30,1,35.0,593.0,0.47923706756026385
THEBI,72,4,Dairy Products,34.8,0,4.0,3361.0000038146973,57.99285725184849,69.5999984741211,2,0.0207,38,33,0.60,1,35.0,35.0,0.4603449910796552
THECR,29,6,Meat/Poultry,123.79,1,3.0,1947.2399940490723,34.65499997138977,742.7400054931641,6,0.3814,32,27,3.57,1,30.0,272.0,0.8228766598655726
THECR,52,5,Grains/Cereals,7.0,0,3.0,1947.2399940490723,34.65499997138977,70.0,10,0.0359,29,27,0.20,1,30.0,30.0,0.5278269210833813
THECR,10,8,Seafood,31.0,0,3.0,1947.2399940490723,34.65499997138977,369.99999618530273,16,0.1900,33,26,0.89,1,30.0,30.0,0.5160705690099511
THECR,40,8,Seafood,18.4,0,3.0,1947.2399940490723,34.65499997138977,369.99999618530273,16,0.1900,41,30,0.53,1,30.0,30.0,0.4669211886689003
THECR,51,7,Produce,53.0,0,3.0,1947.2399940490723,34.65499997138977,455.99998474121094,10,0.2342,39,32,1.53,0,30.0,272.0,0.4549226365561343
TOMSP,56,5,Grains/Cereals,38.0,0,6.0,4778.140057610571,15.17500012261527,1326.8000024676323,58,0.2777,50,34,2.50,1,44.0,287.0,0.7005795490336764
TOMSP,41,8,Seafood,9.65,0,6.0,4778.140057610571,15.17500012261527,135.09999465942383,14,0.0283,47,34,0.64,1,44.0,345.0,0.6244671159538883
TOMSP,51,7,Produce,53.0,0,6.0,4778.140057610571,15.17500012261527,1863.4000644683838,49,0.3900,39,32,3.49,1,44.0,670.0,0.5803364369039948
TOMSP,24,1,Beverages,4.5,1,6.0,4778.140057610571,15.17500012261527,348.99999445676804,50,0.0730,51,34,0.30,1,44.0,345.0,0.5791359227928844
TOMSP,75,1,Beverages,7.75,0,6.0,4778.140057610571,15.17500012261527,348.99999445676804,50,0.0730,46,33,0.51,0,44.0,345.0,0.48526211596659463
TORTU,38,1,Beverages,263.5,0,10.0,10812.150033950806,29.041379385981067,5430.199986457825,113,0.5022,24,19,9.07,1,2.0,2.0,0.950936685165197
TORTU,76,1,Beverages,18.0,0,10.0,10812.150033950806,29.041379385981067,5430.199986457825,113,0.5022,39,33,0.62,1,2.0,2.0,0.8613940289634339
TORTU,43,1,Beverages,46.0,0,10.0,10812.150033950806,29.041379385981067,5430.199986457825,113,0.5022,28,26,1.58,1,2.0,2.0,0.8599447007947768
TORTU,1,1,Beverages,18.0,1,10.0,10812.150033950806,29.041379385981067,5430.199986457825,113,0.5022,38,31,0.62,1,2.0,2.0,0.8424252423485349
TORTU,70,1,Beverages,15.0,0,10.0,10812.150033950806,29.041379385981067,5430.199986457825,113,0.5022,39,30,0.52,1,2.0,2.0,0.8290773948251581
TRADH,29,6,Meat/Poultry,123.79,1,6.0,6850.664033139407,35.17923091008113,1324.8040047896504,28,0.1934,32,27,3.52,1,107.0,111.0,0.8361021416354465
TRADH,62,3,Confections,49.3,0,6.0,6850.664033139407,35.17923091008113,1990.400053462386,54,0.2905,48,33,1.40,1,107.0,113.0,0.7393867051874725
TRADH,59,4,Dairy Products,55.0,0,6.0,6850.664033139407,35.17923091008113,1679.7999887734652,65,0.2452,54,43,1.56,0,107.0,107.0,0.7036751703263949
TRADH,72,4,Dairy Products,34.8,0,6.0,6850.664033139407,35.17923091008113,1679.7999887734652,65,0.2452,38,33,0.99,1,107.0,107.0,0.6391571032178542
TRADH,11,4,Dairy Products,21.0,0,6.0,6850.664033139407,35.17923091008113,1679.7999887734652,65,0.2452,38,32,0.60,0,107.0,107.0,0.5939246172730982
TRAIH,33,4,Dairy Products,2.5,0,3.0,1571.1999893188477,22.94444423251682,35.0,14,0.0223,32,26,0.11,1,118.0,321.0,0.7286060704611135
TRAIH,70,1,Beverages,15.0,0,3.0,1571.1999893188477,22.94444423251682,425.0,36,0.2705,39,30,0.65,1,118.0,118.0,0.6502521675561523
TRAIH,75,1,Beverages,7.75,0,3.0,1571.1999893188477,22.94444423251682,425.0,36,0.2705,46,33,0.34,1,118.0,118.0,0.619539321703753
TRAIH,77,2,Condiments,13.0,0,3.0,1571.1999893188477,22.94444423251682,234.0,18,0.1489,38,28,0.57,1,118.0,317.0,0.4772016167328552
TRAIH,76,1,Beverages,18.0,0,3.0,1571.1999893188477,22.94444423251682,425.0,36,0.2705,39,33,0.78,0,118.0,118.0,0.47513201173991876
VAFFE,77,2,Condiments,13.0,0,11.0,15843.924896007404,21.403225698778705,3505.1500415802,155,0.2212,38,28,0.61,1,34.0,55.0,0.7973673727917611
VAFFE,24,1,Beverages,4.5,1,11.0,15843.924896007404,21.403225698778705,1485.6999773979187,145,0.0938,51,34,0.21,1,34.0,55.0,0.79308772783796
VAFFE,41,8,Seafood,9.65,0,11.0,15843.924896007404,21.403225698778705,2787.4249633509667,173,0.1759,47,34,0.45,1,34.0,55.0,0.7846216190259855
VAFFE,2,1,Beverages,19.0,1,11.0,15843.924896007404,21.403225698778705,1485.6999773979187,145,0.0938,44,28,0.89,0,34.0,55.0,0.7757965279518486
VAFFE,40,8,Seafood,18.4,0,11.0,15843.924896007404,21.403225698778705,2787.4249633509667,173,0.1759,41,30,0.86,1,34.0,55.0,0.7692011763835992
VICTE,54,6,Meat/Poultry,7.45,0,10.0,9182.42987764746,20.41799980163574,28.32000035226345,6,0.0031,36,28,0.36,1,103.0,441.0,0.7776818881235789
VICTE,2,1,Beverages,19.0,1,10.0,9182.42987764746,20.41799980163574,1989.4999918341637,100,0.2167,44,28,0.93,1,103.0,103.0,0.7484121113214399
VICTE,35,1,Beverages,18.0,0,10.0,9182.42987764746,20.41799980163574,1989.4999918341637,100,0.2167,36,28,0.88,1,103.0,103.0,0.7484121113214399
VICTE,68,3,Confections,12.5,0,10.0,9182.42987764746,20.41799980163574,2396.6999672055244,78,0.2610,34,27,0.61,1,103.0,103.0,0.7396522866388355
VICTE,70,1,Beverages,15.0,0,10.0,9182.42987764746,20.41799980163574,1989.4999918341637,100,0.2167,39,30,0.73,1,103.0,103.0,0.7349242413988298
VINET,13,8,Seafood,6.0,0,5.0,1480.0000019073486,17.564999866485596,253.79999542236328,22,0.1715,40,30,0.34,1,175.0,175.0,0.7956867321424275
VINET,41,8,Seafood,9.65,0,5.0,1480.0000019073486,17.564999866485596,253.79999542236328,22,0.1715,47,34,0.55,1,175.0,175.0,0.7268251818677276
VINET,42,5,Grains/Cereals,14.0,1,5.0,1480.0000019073486,17.564999866485596,345.6000003814697,32,0.2335,30,21,0.80,1,175.0,175.0,0.593355838469684
VINET,52,5,Grains/Cereals,7.0,0,5.0,1480.0000019073486,17.564999866485596,345.6000003814697,32,0.2335,29,27,0.40,1,175.0,175.0,0.5672861030396771
VINET,56,5,Grains/Cereals,38.0,0,5.0,1480.0000019073486,17.564999866485596,345.6000003814697,32,0.2335,50,34,2.16,1,175.0,175.0,0.5652287831808105
WANDK,56,5,Grains/Cereals,38.0,0,10.0,9588.424962970987,21.58653846153846,1551.8749868590385,80,0.1618,50,34,1.76,1,13.0,233.0,0.8581249403366071
WANDK,43,1,Beverages,46.0,0,10.0,9588.424962970987,21.58653846153846,2146.8499729648233,112,0.2239,28,26,2.13,1,13.0,13.0,0.8134234098041299
WANDK,53,6,Meat/Poultry,32.8,1,10.0,9588.424962970987,21.58653846153846,840.8000242710114,36,0.0877,30,25,1.52,1,13.0,233.0,0.7981923956624933
WANDK,35,1,Beverages,18.0,0,10.0,9588.424962970987,21.58653846153846,2146.8499729648233,112,0.2239,36,28,0.83,1,13.0,13.0,0.7968857184735226
WANDK,2,1,Beverages,19.0,1,10.0,9588.424962970987,21.58653846153846,2146.8499729648233,112,0.2239,44,28,0.88,1,13.0,13.0,0.7880143893641102
WARTH,59,4,Dairy Products,55.0,0,15.0,15648.702585553972,23.40783797083674,4856.11005239129,216,0.3103,54,43,2.35,1,21.0,166.0,0.9604305164278834
WARTH,31,4,Dairy Products,12.5,0,15.0,15648.702585553972,23.40783797083674,4856.11005239129,216,0.3103,51,34,0.53,1,21.0,166.0,0.9116776791478716
WARTH,29,6,Meat/Poultry,123.79,1,15.0,15648.702585553972,23.40783797083674,3220.7800658513606,88,0.2058,32,27,5.29,1,21.0,140.0,0.9056292862608233
WARTH,60,4,Dairy Products,34.0,0,15.0,15648.702585553972,23.40783797083674,4856.11005239129,216,0.3103,51,36,1.45,1,21.0,166.0,0.8653524570937831
WARTH,56,5,Grains/Cereals,38.0,0,15.0,15648.702585553972,23.40783797083674,2392.9999985694885,94,0.1529,50,34,1.62,1,21.0,140.0,0.8504318652826282
WELLI,52,5,Grains/Cereals,7.0,0,9.0,6068.199970615656,25.29999993976794,194.0,28,0.0320,29,27,0.28,1,58.0,58.0,0.6970289110312698
WELLI,59,4,Dairy Products,55.0,0,9.0,6068.199970615656,25.29999993976794,783.7499993853271,15,0.1292,54,43,2.17,1,58.0,127.0,0.6773172998693727
WELLI,29,6,Meat/Poultry,123.79,1,9.0,6068.199970615656,25.29999993976794,1789.7999816656113,35,0.2949,32,27,4.89,0,58.0,470.0,0.669146291548342
WELLI,21,3,Confections,10.0,0,9.0,6068.199970615656,25.29999993976794,551.7599953302741,54,0.0909,39,29,0.40,0,58.0,127.0,0.5959947812624055
WELLI,19,3,Confections,9.2,0,9.0,6068.199970615656,25.29999993976794,551.7599953302741,54,0.0909,37,28,0.36,1,58.0,127.0,0.5923223378788756
WHITC,38,1,Beverages,263.5,0,14.0,27363.604900210794,31.95824990272522,8884.699980686604,212,0.3247,24,19,8.25,1,5.0,5.0,0.9340048404230015
WHITC,59,4,Dairy Products,55.0,0,14.0,27363.604900210794,31.95824990272522,3297.6999785631897,175,0.1205,54,43,1.72,1,5.0,19.0,0.8272283299573999
WHITC,29,6,Meat/Poultry,123.79,1,14.0,27363.604900210794,31.95824990272522,3707.9499799788,138,0.1355,32,27,3.87,0,5.0,96.0,0.8099466746221704
WHITC,18,8,Seafood,62.5,0,14.0,27363.604900210794,31.95824990272522,2824.9999975264072,143,0.1032,27,22,1.96,1,5.0,19.0,0.792550777031331
WHITC,63,2,Condiments,43.9,0,14.0,27363.604900210794,31.95824990272522,4174.130028219222,186,0.1525,17,15,1.37,1,5.0,299.0,0.7696733229311414
WILMK,59,4,Dairy Products,55.0,0,7.0,3161.349983215332,25.15882340599509,702.0,14,0.2221,54,43,2.19,1,29.0,29.0,0.7754560563644887
WILMK,21,3,Confections,10.0,0,7.0,3161.349983215332,25.15882340599509,562.75,45,0.1780,39,29,0.40,1,29.0,69.0,0.6463211820512245
WILMK,8,2,Condiments,40.0,0,7.0,3161.349983215332,25.15882340599509,752.9999923706055,25,0.2382,13,13,1.59,1,29.0,69.0,0.5778865432906258
WILMK,1,1,Beverages,18.0,1,7.0,3161.349983215332,25.15882340599509,582.0,38,0.1841,38,31,0.72,1,29.0,29.0,0.5563423622035839
WILMK,55,6,Meat/Poultry,24.0,0,7.0,3161.349983215332,25.15882340599509,120.0,5,0.0380,33,26,0.95,1,29.0,280.0,0.5235169573982736
WOLZA,70,1,Beverages,15.0,0,7.0,3531.949995994568,20.631249964237213,828.5,71,0.2346,39,30,0.73,0,13.0,33.0,0.7118137577761702
WOLZA,24,1,Beverages,4.5,1,7.0,3531.949995994568,20.631249964237213,828.5,71,0.2346,51,34,0.22,1,13.0,33.0,0.6947443292813442
WOLZA,1,1,Beverages,18.0,1,7.0,3531.949995994568,20.631249964237213,828.5,71,0.2346,38,31,0.87,1,13.0,33.0,0.675749069470685
WOLZA,75,1,Beverages,7.75,0,7.0,3531.949995994568,20.631249964237213,828.5,71,0.2346,46,33,0.38,1,13.0,33.0,0.6297134819170449
WOLZA,31,4,Dairy Products,12.5,0,7.0,3531.949995994568,20.631249964237213,810.0,45,0.2293,51,34,0.61,1,13.0,285.0,0.6192636212391656
